<?xml version="1.0"?>
<?xml-stylesheet type="text/xsl" href="configuration.xsl"?>
<configuration>
	<property>
		<name>javax.jdo.option.ConnectionURL</name>
		<value>jdbc:mysql://hadoop100:3306/metastore?createDatabaseIfNotExist=true</value>
		<description>JDBC connect string for a JDBC metastore</description>
	</property>

	<property>
		<name>javax.jdo.option.ConnectionDriverName</name>
		<value>com.mysql.jdbc.Driver</value>
		<description>Driver class name for a JDBC metastore</description>
	</property>

	<property>
		<name>javax.jdo.option.ConnectionUserName</name>
		<value>root</value>
		<description>username to use against metastore database</description>
	</property>

	<property>
		<name>javax.jdo.option.ConnectionPassword</name>
		<value>000000</value>
		<description>password to use against metastore database</description>
	</property>
	<property>
		<name>hive.cli.print.current.db</name>
		<value>true</value>
		<description>Whether to include the current database in the Hive prompt.</description>
	</property>
	<property>
		<name>hive.cli.print.header</name>
		<value>false</value>
		<description>Whether to print the names of the columns in query output.</description>
	</property>

</configuration>
